Summary,Issue key,Issue id,Issue Type,Status,Project key,Project name,Project type,Project lead,Project lead id,Project description,Priority,Resolution,Assignee,Assignee Id,Reporter,Reporter Id,Creator,Creator Id,Created,Updated,Last Viewed,Resolved,Due date,Votes,Labels,Labels,Description,Environment,Watchers,Watchers Id,Original estimate,Remaining Estimate,Time Spent,Work Ratio,Œ£ Original Estimate,Œ£ Remaining Estimate,Œ£ Time Spent,Security Level,Inward issue link (Blocks),Inward issue link (Blocks),Inward issue link (Blocks),Inward issue link (Blocks),Outward issue link (Blocks),Inward issue link (Polaris issue link),Inward issue link (Polaris issue link),Inward issue link (Polaris issue link),Outward issue link (Polaris issue link),Inward issue link (Relates),Inward issue link (Relates),Outward issue link (Relates),Attachment,Custom field (Actual Size),Custom field (Actual end),Custom field (Actual start),Custom field (Attachment count),Custom field (Bugs of Epic count),Custom field (Bugs of Epic in Done status category count),Custom field (Bugs of Epic in In Progress status category count),Custom field (Bugs of Epic in To Do status category count),Custom field (Category),Custom field (Change reason),Custom field (Change risk),Custom field (Change type),Custom field (Children of Epic count),Custom field (Children of Epic in Done status category count),Custom field (Children of Epic in In Progress status category count),Custom field (Children of Epic in To Do status category count),Custom field (Comment count),Custom field (Development),Custom field (Epic Color),Custom field (Epic Name),Custom field (Epic Status),Custom field (Goals),Custom field (Impact),Custom field (Issue color),Custom field (Issue link count),Custom field (Locked forms),Custom field (Open forms),Custom field (Project overview key),Custom field (Project overview status),Custom field (Rank),Custom field (Request Type),Custom field (Sentiment),Custom field (Size Estimate),Custom field (Start date),Custom field (Stories of Epic count),Custom field (Stories of Epic in Done status category count),Custom field (Stories of Epic in In Progress status category count),Custom field (Stories of Epic in To Do status category count),Custom field (Story Points),Custom field (Story point estimate),Custom field (Submitted forms),Custom field (Subtask count),Custom field (Target end),Custom field (Target start),Custom field (Team),Custom field (Total forms),Custom field (Updated by users count),Custom field (Vulnerability),Custom field ([CHART] Date of First Response),Custom field ([CHART] Time in Status),Comment,Comment,Parent,Parent summary,Status Category,Status Category Changed
blog / updates section,PANDAN-480,10527,Task,To Do,PANDAN,pandan,software,Charles Gray,62fe1e221e82e839c2506864,,High,,Charles Gray,62fe1e221e82e839c2506864,Charles Gray,62fe1e221e82e839c2506864,Charles Gray,62fe1e221e82e839c2506864,03/Mar/25 2:41 PM,03/Mar/25 2:41 PM,,,,0,create,,,,Charles Gray,62fe1e221e82e839c2506864,,,,,,,,,,,,,,,,,,,,,,,,,0.0,,,,,,,,,,,,,0.0,{},,,,,,,0.0,,,,,0|i00353:,,,,,,,,,,,,0.0,,,,,2.0,,,,,,10500,good enough data lab site,To Do,03/Mar/25 2:41 PM
work with me,PANDAN-479,10526,Task,To Do,PANDAN,pandan,software,Charles Gray,62fe1e221e82e839c2506864,,High,,Charles Gray,62fe1e221e82e839c2506864,Charles Gray,62fe1e221e82e839c2506864,Charles Gray,62fe1e221e82e839c2506864,03/Mar/25 2:41 PM,03/Mar/25 2:41 PM,,,,0,create,,,,Charles Gray,62fe1e221e82e839c2506864,,,,,,,,,,,,,,,,,,,,,,,,,0.0,,,,,,,,,,,,,0.0,{},,,,,,,0.0,,,,,0|i0034v:,,,,,,,,,,,,0.0,,,,,2.0,,,,,,10500,good enough data lab site,To Do,03/Mar/25 2:41 PM
music story,PANDAN-478,10525,Task,To Do,PANDAN,pandan,software,Charles Gray,62fe1e221e82e839c2506864,,High,,Charles Gray,62fe1e221e82e839c2506864,Charles Gray,62fe1e221e82e839c2506864,Charles Gray,62fe1e221e82e839c2506864,03/Mar/25 2:41 PM,03/Mar/25 2:41 PM,,,,0,create,,,,Charles Gray,62fe1e221e82e839c2506864,,,,,,,,,,,,,,,,,,,,,,,,,0.0,,,,,,,,,,,,,0.0,{},,,,,,,0.0,,,,,0|i0034n:,,,,,,,,,,,,0.0,,,,,2.0,,,,,,10500,good enough data lab site,To Do,03/Mar/25 2:41 PM
mvp good enough game development,PANDAN-477,10524,Task,To Do,PANDAN,pandan,software,Charles Gray,62fe1e221e82e839c2506864,,High,,Charles Gray,62fe1e221e82e839c2506864,Charles Gray,62fe1e221e82e839c2506864,Charles Gray,62fe1e221e82e839c2506864,03/Mar/25 2:41 PM,03/Mar/25 2:41 PM,,,,0,create,,,,Charles Gray,62fe1e221e82e839c2506864,,,,,,,,,,,,,,,,,,,,,,,,,0.0,,,,,,,,,,,,,0.0,{},,,,,,,0.0,,,,,0|i0034f:,,,,,,,,,,,,0.0,,,,,2.0,,,,,,10500,good enough data lab site,To Do,03/Mar/25 2:41 PM
mfp good enough architecture,PANDAN-476,10523,Task,To Do,PANDAN,pandan,software,Charles Gray,62fe1e221e82e839c2506864,,High,,Charles Gray,62fe1e221e82e839c2506864,Charles Gray,62fe1e221e82e839c2506864,Charles Gray,62fe1e221e82e839c2506864,03/Mar/25 2:41 PM,03/Mar/25 2:41 PM,,,,0,create,,,,Charles Gray,62fe1e221e82e839c2506864,,,,,,,,,,,,,,,,,,,,,,,,,0.0,,,,,,,,,,,,,0.0,{},,,,,,,0.0,,,,,0|i00347:,,,,,,,,,,,,0.0,,,,,2.0,,,,,,10500,good enough data lab site,To Do,03/Mar/25 2:41 PM
mvp good enough data,PANDAN-475,10522,Task,In Progress,PANDAN,pandan,software,Charles Gray,62fe1e221e82e839c2506864,,High,,Charles Gray,62fe1e221e82e839c2506864,Charles Gray,62fe1e221e82e839c2506864,Charles Gray,62fe1e221e82e839c2506864,03/Mar/25 2:40 PM,03/Mar/25 3:11 PM,,,,0,create,,,,Charles Gray,62fe1e221e82e839c2506864,,,,,,,,,,,,,,,,,,,,,,,,,0.0,,,,,,,,,,,,,0.0,{},,,,,,,0.0,,,,,0|i0033z:,,,,03/Mar/25 12:00 AM,,,,,,,,0.0,,,,,2.0,,,,,,10500,good enough data lab site,In Progress,03/Mar/25 3:11 PM
mvp intro,PANDAN-474,10521,Task,To Do,PANDAN,pandan,software,Charles Gray,62fe1e221e82e839c2506864,,High,,Charles Gray,62fe1e221e82e839c2506864,Charles Gray,62fe1e221e82e839c2506864,Charles Gray,62fe1e221e82e839c2506864,03/Mar/25 2:40 PM,03/Mar/25 2:40 PM,,,,0,create,,,,Charles Gray,62fe1e221e82e839c2506864,,,,,,,,,,,,,,,,,,,,,,,,,0.0,,,,,,,,,,,,,0.0,{},,,,,,,0.0,,,,,0|i0033r:,,,,,,,,,,,,0.0,,,,,2.0,,,,,,10500,good enough data lab site,To Do,03/Mar/25 2:40 PM
create website project,PANDAN-473,10520,Task,Done,PANDAN,pandan,software,Charles Gray,62fe1e221e82e839c2506864,,High,Done,Charles Gray,62fe1e221e82e839c2506864,Charles Gray,62fe1e221e82e839c2506864,Charles Gray,62fe1e221e82e839c2506864,03/Mar/25 2:40 PM,03/Mar/25 3:11 PM,,03/Mar/25 3:11 PM,03/Mar/25 12:00 AM,0,create,,,,Charles Gray,62fe1e221e82e839c2506864,,,,,,,,,,,,,,,,,,,,,,,,,0.0,,,,,,,,,,,,,0.0,{},,,,,,,0.0,,,,,0|i002n4:,,,,03/Mar/25 12:00 AM,,,,,,,,0.0,,,,,2.0,,,10022_*:*_1_*:*_0_*|*_10021_*:*_1_*:*_164901,,,10500,good enough data lab site,Done,03/Mar/25 3:11 PM
good enough data lab site,PANDAN-453,10500,Epic,In Progress,PANDAN,pandan,software,Charles Gray,62fe1e221e82e839c2506864,,High,,Charles Gray,62fe1e221e82e839c2506864,Charles Gray,62fe1e221e82e839c2506864,Charles Gray,62fe1e221e82e839c2506864,02/Mar/25 11:02 PM,03/Mar/25 2:39 PM,03/Mar/25 3:11 PM,,,0,create,,"h4. *Epic Name:* Build the ""Good Enough"" Website

h4. *Description:*

The *Good Enough* website will serve as the central hub for consulting, research, and mathematically-informed programming strategy. It will clearly define and showcase the *Good Enough* methodology‚Äîstructured, provable, and reliable computational systems across multiple domains.

h4. *Core Branding & Structure:*

Everything will be organized under the *Good Enough* branding, emphasizing pragmatic, mathematically rigorous solutions:
‚úÖ *Good Enough Data* ‚Üí Data integrity, reproducibility, AI governance.
‚úÖ *Good Enough Game Development* ‚Üí Mathematically-driven game design, FSMs, procedural generation.
‚úÖ *Good Enough Architecture* ‚Üí Mathematical proofs in computational design.

h4. *Website Pages & Features:*

1Ô∏è‚É£ *Homepage:* Introduction to Good Enough methodology & core offerings.
2Ô∏è‚É£ *Good Enough Data:* Consulting & research in AI governance, test-driven data lineage, FAIR principles.
3Ô∏è‚É£ *Good Enough Game Development:* FSM-driven narratives, procedural generation, mathematical game architecture.
4Ô∏è‚É£ *Good Enough Architecture:* Proof-driven software design, computational metascience.
5Ô∏è‚É£ *Music Transition Page:* How structured thinking in music led to mathematically rigorous system design.
6Ô∏è‚É£ *Work With Me:* Consulting, speaking engagements, and research collaborations.
7Ô∏è‚É£ *Blog / Updates Section:* Thought leadership on mathematically-informed programming.

h4. *Goals & Outcomes:*

üöÄ *Clarify the unique value of Good Enough methodology.*
üöÄ *Attract the right clients, research partners, and high-level thinkers.*
üöÄ *Establish a clear, unified personal brand across multiple specializations.*
üöÄ *Filter out low-value engagements and create a space where structured computational thinking is prioritized.*",,Charles Gray,62fe1e221e82e839c2506864,,,,,,,,,,,,,,,,,,,,,,,,,0.0,0.0,0.0,0.0,0.0,,,,,8.0,1.0,1.0,6.0,0.0,{},,,,,,,0.0,,,,,0|i000cb:3zzx08,,,M,03/Mar/25 12:00 AM,0.0,0.0,0.0,0.0,,,,0.0,,,,,2.0,,,,,,,,In Progress,03/Mar/25 2:39 PM
design format in notebook,PANDAN-397,10444,Subtask,Done,PANDAN,pandan,software,Charles Gray,62fe1e221e82e839c2506864,,Medium,Done,Charles Gray,62fe1e221e82e839c2506864,Charles Gray,62fe1e221e82e839c2506864,Charles Gray,62fe1e221e82e839c2506864,23/Feb/25 6:32 PM,25/Feb/25 10:28 AM,,25/Feb/25 10:28 AM,25/Feb/25 12:00 AM,0,create,,,,Charles Gray,62fe1e221e82e839c2506864,,,,,,,,,,,,,,,,,,,,,,,,,0.0,,,,,,,,,,,,,0.0,{},,,,,,,0.0,,,,,0|i002n7:,,,,23/Feb/25 12:00 AM,,,,,,,,0.0,,,,,2.0,,,10022_*:*_1_*:*_0_*|*_10021_*:*_1_*:*_673,,,10436,shiny mvp,Done,25/Feb/25 10:28 AM
start game screen,PANDAN-390,10437,Subtask,Done,PANDAN,pandan,software,Charles Gray,62fe1e221e82e839c2506864,,Medium,Done,Charles Gray,62fe1e221e82e839c2506864,Charles Gray,62fe1e221e82e839c2506864,Charles Gray,62fe1e221e82e839c2506864,23/Feb/25 6:46 AM,25/Feb/25 11:39 PM,,25/Feb/25 11:39 PM,25/Feb/25 12:00 AM,0,create,,"* coconut image
* start game text
* buttons

!image-20250225-223941.png|width=1495,height=738,alt=""image-20250225-223941.png""!",,Charles Gray,62fe1e221e82e839c2506864,,,,,,,,,,,,,,,,,,,,,25/Feb/25 11:39 PM;01fd7736-c928-4235-a7c5-baa15f5e657b;image-20250225-223941.png;https://softloud.atlassian.net/rest/api/3/attachment/content/10039,,,,1.0,,,,,,,,,,,,,0.0,{},,,,,,,0.0,,,,,0|i002n5:,,,,23/Feb/25 12:00 AM,,,,,,,,0.0,,,,,2.0,,,10022_*:*_1_*:*_0_*|*_10021_*:*_1_*:*_35666,,,10436,shiny mvp,Done,25/Feb/25 11:39 PM
shiny mvp,PANDAN-389,10436,Story,In Progress,PANDAN,pandan,software,Charles Gray,62fe1e221e82e839c2506864,,Medium,,Charles Gray,62fe1e221e82e839c2506864,Charles Gray,62fe1e221e82e839c2506864,Charles Gray,62fe1e221e82e839c2506864,22/Feb/25 8:35 AM,22/Feb/25 8:55 AM,,,,0,create,,"PROBLEM

Nice to have a shiny app that doesn‚Äôt interfere with the mvp. 

SOLUTION

UI 

* text
* conditional buttons
* progress plot
* score

SERVER

* game as is + ui functions
* ui functions reliant on pandan-342

ACCEPTANCE CRITERIA

AC 1. run displays shiny interface that shows the game",,Charles Gray,62fe1e221e82e839c2506864,,,,,,,,,,,,,,,,,,,,,,,,,0.0,,,,,,,,,,,,,0.0,"{branch={count=1, dataType=branch}, json={""cachedValue"":{""errors"":[],""summary"":{""branch"":{""overall"":{""count"":1,""lastUpdated"":""2025-02-22T08:45:19.000+0100"",""dataType"":""branch""},""byInstanceType"":{""GitHub"":{""count"":1,""name"":""GitHub""}}}}},""isStale"":true}}",,,,,,,0.0,,,,,0|i002n3:,,,,22/Feb/25 12:00 AM,,,,,,,,2.0,,,,,2.0,,,,,,10353,button game,In Progress,22/Feb/25 8:48 AM
look at commonalities across the beads vis,PANDAN-386,10433,Task,To Do,PANDAN,pandan,software,Charles Gray,62fe1e221e82e839c2506864,,Medium,,Charles Gray,62fe1e221e82e839c2506864,Charles Gray,62fe1e221e82e839c2506864,Charles Gray,62fe1e221e82e839c2506864,20/Feb/25 2:12 AM,20/Feb/25 2:12 AM,,,,0,create,,,,Charles Gray,62fe1e221e82e839c2506864,,,,,,,,,,,,,,,,,,,,,,,,,0.0,,,,,,,,,,,,,0.0,{},,,,"com.atlassian.jira.goal.Goal@91609d4[ari=ari:cloud:townsquare:e8235737-feb9-4d60-9416-59a10a1a04b0:goal/cb5a2d0b-5b21-4f58-b556-92d180001258,id=<null>,isArchived=false,key=SOFTL-3,lastUpdated=<null>,name=button,ownerAccountId=62fe1e221e82e839c2506864,score=70.0,status=ON_TRACK,targetDate=2030-12-31,targetDateConfidence=QUARTER]",,,0.0,,,,,0|i00248:zzzx3,,,,,,,,,,,,0.0,,,,,2.0,,,,,,10389,button graphics package,To Do,20/Feb/25 2:12 AM
analyse text output,PANDAN-365,10412,Subtask,Done,PANDAN,pandan,software,Charles Gray,62fe1e221e82e839c2506864,,Medium,Done,Charles Gray,62fe1e221e82e839c2506864,Charles Gray,62fe1e221e82e839c2506864,Charles Gray,62fe1e221e82e839c2506864,16/Feb/25 6:33 AM,20/Feb/25 2:14 AM,,20/Feb/25 2:14 AM,20/Feb/25 12:00 AM,0,create,,,,Charles Gray,62fe1e221e82e839c2506864,,,,,,,,,,,,,,,,,,,,,,,,,0.0,,,,,,,,,,,,,0.0,{},,,,"com.atlassian.jira.goal.Goal@91609d4[ari=ari:cloud:townsquare:e8235737-feb9-4d60-9416-59a10a1a04b0:goal/cb5a2d0b-5b21-4f58-b556-92d180001258,id=<null>,isArchived=false,key=SOFTL-3,lastUpdated=<null>,name=button,ownerAccountId=62fe1e221e82e839c2506864,score=70.0,status=ON_TRACK,targetDate=2030-12-31,targetDateConfidence=QUARTER]",,,0.0,,,,,0|i002if:,,,,20/Feb/25 12:00 AM,,,,,,,,0.0,,,,,2.0,,,10021_*:*_1_*:*_330037565_*|*_10023_*:*_1_*:*_0,,,10409,complete progression buttons inits,Done,20/Feb/25 2:14 AM
transform data text output,PANDAN-364,10411,Subtask,Done,PANDAN,pandan,software,Charles Gray,62fe1e221e82e839c2506864,,Medium,Done,Charles Gray,62fe1e221e82e839c2506864,Charles Gray,62fe1e221e82e839c2506864,Charles Gray,62fe1e221e82e839c2506864,16/Feb/25 6:33 AM,20/Feb/25 2:14 AM,,20/Feb/25 2:14 AM,20/Feb/25 12:00 AM,0,create,,,,Charles Gray,62fe1e221e82e839c2506864,,,,,,,,,,,,,,,,,,,,,,,,,0.0,,,,,,,,,,,,,0.0,{},,,,"com.atlassian.jira.goal.Goal@91609d4[ari=ari:cloud:townsquare:e8235737-feb9-4d60-9416-59a10a1a04b0:goal/cb5a2d0b-5b21-4f58-b556-92d180001258,id=<null>,isArchived=false,key=SOFTL-3,lastUpdated=<null>,name=button,ownerAccountId=62fe1e221e82e839c2506864,score=70.0,status=ON_TRACK,targetDate=2030-12-31,targetDateConfidence=QUARTER]",,,0.0,,,,,0|i002i7:,,,,20/Feb/25 12:00 AM,,,,,,,,0.0,,,,,2.0,,,10021_*:*_1_*:*_330036472_*|*_10023_*:*_1_*:*_0,,,10409,complete progression buttons inits,Done,20/Feb/25 2:14 AM
get data progression test,PANDAN-363,10410,Subtask,Done,PANDAN,pandan,software,Charles Gray,62fe1e221e82e839c2506864,,Medium,Done,Charles Gray,62fe1e221e82e839c2506864,Charles Gray,62fe1e221e82e839c2506864,Charles Gray,62fe1e221e82e839c2506864,16/Feb/25 6:33 AM,20/Feb/25 2:14 AM,,20/Feb/25 2:14 AM,20/Feb/25 12:00 AM,0,create,,,,Charles Gray,62fe1e221e82e839c2506864,,,,,,,,,,,,,,,,,,,,,,,,,0.0,,,,,,,,,,,,,0.0,{},,,,"com.atlassian.jira.goal.Goal@91609d4[ari=ari:cloud:townsquare:e8235737-feb9-4d60-9416-59a10a1a04b0:goal/cb5a2d0b-5b21-4f58-b556-92d180001258,id=<null>,isArchived=false,key=SOFTL-3,lastUpdated=<null>,name=button,ownerAccountId=62fe1e221e82e839c2506864,score=70.0,status=ON_TRACK,targetDate=2030-12-31,targetDateConfidence=QUARTER]",,,0.0,,,,,0|i002hz:,,,,20/Feb/25 12:00 AM,,,,,,,,0.0,,,,,2.0,,,10022_*:*_1_*:*_0_*|*_10021_*:*_1_*:*_330026742,,,10409,complete progression buttons inits,Done,20/Feb/25 2:14 AM
complete progression buttons inits,PANDAN-362,10409,Story,Done,PANDAN,pandan,software,Charles Gray,62fe1e221e82e839c2506864,,Medium,Done,Charles Gray,62fe1e221e82e839c2506864,Charles Gray,62fe1e221e82e839c2506864,Charles Gray,62fe1e221e82e839c2506864,16/Feb/25 6:32 AM,20/Feb/25 2:14 AM,,20/Feb/25 2:14 AM,20/Feb/25 12:00 AM,0,create,,,,Charles Gray,62fe1e221e82e839c2506864,,,,,,,,,,,,,,,,,,,,,,,,,0.0,,,,,,,,,,,,,0.0,{},,,,"com.atlassian.jira.goal.Goal@91609d4[ari=ari:cloud:townsquare:e8235737-feb9-4d60-9416-59a10a1a04b0:goal/cb5a2d0b-5b21-4f58-b556-92d180001258,id=<null>,isArchived=false,key=SOFTL-3,lastUpdated=<null>,name=button,ownerAccountId=62fe1e221e82e839c2506864,score=70.0,status=ON_TRACK,targetDate=2030-12-31,targetDateConfidence=QUARTER]",,,0.0,,,,,0|i002hr:,,,,20/Feb/25 12:00 AM,,,,,,,,3.0,,,,,2.0,,,10021_*:*_1_*:*_330146968_*|*_10023_*:*_1_*:*_0,,,10353,button game,Done,20/Feb/25 2:14 AM
platform dependencies graph,PANDAN-361,10408,Story,To Do,PANDAN,pandan,software,Charles Gray,62fe1e221e82e839c2506864,,High,,Charles Gray,62fe1e221e82e839c2506864,Charles Gray,62fe1e221e82e839c2506864,Charles Gray,62fe1e221e82e839c2506864,15/Feb/25 9:01 AM,16/Feb/25 5:43 PM,,,,0,create,,,,Charles Gray,62fe1e221e82e839c2506864,,,,,,,,,,,,,,,,,,,,PANDAN-341,,,,,0.0,,,,,,,,,,,,,0.0,{},,,,"com.atlassian.jira.goal.Goal@91609d4[ari=ari:cloud:townsquare:e8235737-feb9-4d60-9416-59a10a1a04b0:goal/cb5a2d0b-5b21-4f58-b556-92d180001258,id=<null>,isArchived=false,key=SOFTL-3,lastUpdated=<null>,name=button,ownerAccountId=62fe1e221e82e839c2506864,score=70.0,status=ON_TRACK,targetDate=2030-12-31,targetDateConfidence=QUARTER]",,,1.0,,,,,0|i00248:zzzx3i,,,,,,,,,,,,0.0,,,,,2.0,,,,,,10385,arXiv preprint,To Do,15/Feb/25 9:01 AM
what about the calculations figure,PANDAN-360,10407,Story,To Do,PANDAN,pandan,software,Charles Gray,62fe1e221e82e839c2506864,,High,,Charles Gray,62fe1e221e82e839c2506864,Charles Gray,62fe1e221e82e839c2506864,Charles Gray,62fe1e221e82e839c2506864,15/Feb/25 8:59 AM,16/Feb/25 5:43 PM,,,,0,create,,,,Charles Gray,62fe1e221e82e839c2506864,,,,,,,,,,,,,,,,,,,,PANDAN-341,,,,,0.0,,,,,,,,,,,,,0.0,{},,,,"com.atlassian.jira.goal.Goal@91609d4[ari=ari:cloud:townsquare:e8235737-feb9-4d60-9416-59a10a1a04b0:goal/cb5a2d0b-5b21-4f58-b556-92d180001258,id=<null>,isArchived=false,key=SOFTL-3,lastUpdated=<null>,name=button,ownerAccountId=62fe1e221e82e839c2506864,score=70.0,status=ON_TRACK,targetDate=2030-12-31,targetDateConfidence=QUARTER]",,,1.0,,,,,0|i00248:zzzx3r,,,,,,,,,,,,0.0,,,,,2.0,,,,,,10385,arXiv preprint,To Do,15/Feb/25 9:00 AM
get out of githole,PANDAN-358,10405,Task,Done,PANDAN,pandan,software,Charles Gray,62fe1e221e82e839c2506864,,Highest,Done,Charles Gray,62fe1e221e82e839c2506864,Charles Gray,62fe1e221e82e839c2506864,Charles Gray,62fe1e221e82e839c2506864,15/Feb/25 8:44 AM,16/Feb/25 5:43 PM,,15/Feb/25 8:50 AM,15/Feb/25 12:00 AM,0,create,,,,Charles Gray,62fe1e221e82e839c2506864,,,,,,,,,,,,,,,,,,,,,,,,,0.0,,,,,,,,,,,,,0.0,{},,,,"com.atlassian.jira.goal.Goal@91609d4[ari=ari:cloud:townsquare:e8235737-feb9-4d60-9416-59a10a1a04b0:goal/cb5a2d0b-5b21-4f58-b556-92d180001258,id=<null>,isArchived=false,key=SOFTL-3,lastUpdated=<null>,name=button,ownerAccountId=62fe1e221e82e839c2506864,score=70.0,status=ON_TRACK,targetDate=2030-12-31,targetDateConfidence=QUARTER]",,,0.0,,,,,0|i00248:zzv,,,,15/Feb/25 12:00 AM,,,,,,,,0.0,,,,,2.0,,,10022_*:*_1_*:*_0_*|*_10021_*:*_1_*:*_64772,,,10353,button game,Done,15/Feb/25 8:50 AM
activate node function,PANDAN-350,10397,Subtask,Done,PANDAN,pandan,software,Charles Gray,62fe1e221e82e839c2506864,,Medium,Done,Charles Gray,62fe1e221e82e839c2506864,Charles Gray,62fe1e221e82e839c2506864,Charles Gray,62fe1e221e82e839c2506864,15/Feb/25 6:36 AM,16/Feb/25 6:31 AM,,16/Feb/25 6:31 AM,16/Feb/25 12:00 AM,0,create,,,,Charles Gray,62fe1e221e82e839c2506864,,,,,,,,,,,,,,,,,,,,,,,,,0.0,,,,,,,,,,,,,0.0,{},,,,"com.atlassian.jira.goal.Goal@91609d4[ari=ari:cloud:townsquare:e8235737-feb9-4d60-9416-59a10a1a04b0:goal/cb5a2d0b-5b21-4f58-b556-92d180001258,id=<null>,isArchived=false,key=SOFTL-3,lastUpdated=<null>,name=button,ownerAccountId=62fe1e221e82e839c2506864,score=70.0,status=ON_TRACK,targetDate=2030-12-31,targetDateConfidence=QUARTER]",,,0.0,,,,,0|i00248:zzzwi,,,,16/Feb/25 12:00 AM,,,,,,,,0.0,,,,,2.0,,,10021_*:*_1_*:*_86079470_*|*_10023_*:*_1_*:*_0,,,10369,input output solution,Done,16/Feb/25 6:31 AM
write qmd describing it,PANDAN-349,10396,Subtask,In Progress,PANDAN,pandan,software,Charles Gray,62fe1e221e82e839c2506864,,Medium,,Charles Gray,62fe1e221e82e839c2506864,Charles Gray,62fe1e221e82e839c2506864,Charles Gray,62fe1e221e82e839c2506864,15/Feb/25 6:35 AM,22/Feb/25 6:57 AM,,,,0,create,,,,Charles Gray,62fe1e221e82e839c2506864,,,,,,,,,,,,,,,,,,,,,,,,,0.0,,,,,,,,,,,,,0.0,"{repository={count=2, dataType=repository}, json={""cachedValue"":{""errors"":[],""summary"":{""repository"":{""overall"":{""count"":2,""lastUpdated"":""2025-02-22T08:42:01.000+0100"",""dataType"":""repository""},""byInstanceType"":{""GitHub"":{""count"":2,""name"":""GitHub""}}}}},""isStale"":true}}",,,,"com.atlassian.jira.goal.Goal@91609d4[ari=ari:cloud:townsquare:e8235737-feb9-4d60-9416-59a10a1a04b0:goal/cb5a2d0b-5b21-4f58-b556-92d180001258,id=<null>,isArchived=false,key=SOFTL-3,lastUpdated=<null>,name=button,ownerAccountId=62fe1e221e82e839c2506864,score=70.0,status=ON_TRACK,targetDate=2030-12-31,targetDateConfidence=QUARTER]",,,0.0,,,,,0|i002a8:y,,,,22/Feb/25 12:00 AM,,,,,,,,0.0,,,,,2.0,,,,,,10358,describe finite state automata,In Progress,22/Feb/25 6:57 AM
create slide deck if it doesn't exist already,PANDAN-344,10391,Task,To Do,PANDAN,pandan,software,Charles Gray,62fe1e221e82e839c2506864,,High,,Charles Gray,62fe1e221e82e839c2506864,Charles Gray,62fe1e221e82e839c2506864,Charles Gray,62fe1e221e82e839c2506864,15/Feb/25 6:02 AM,03/Mar/25 10:45 PM,03/Mar/25 10:45 PM,,15/Mar/25 12:00 AM,0,create,,,,Charles Gray,62fe1e221e82e839c2506864,,,,,,,,,,,,,,,,,,,,,,,,,0.0,,,,,,,,,,,,,0.0,{},,,,"com.atlassian.jira.goal.Goal@91609d4[ari=ari:cloud:townsquare:e8235737-feb9-4d60-9416-59a10a1a04b0:goal/cb5a2d0b-5b21-4f58-b556-92d180001258,id=<null>,isArchived=false,key=SOFTL-3,lastUpdated=<null>,name=button,ownerAccountId=62fe1e221e82e839c2506864,score=70.0,status=ON_TRACK,targetDate=2030-12-31,targetDateConfidence=QUARTER]",,,0.0,,,,,0|i00248:zzzwr,,,,,,,,,,,,0.0,,,,,2.0,,,,,,10386,DBT Meetup Copenhagen slidedeck,To Do,20/Feb/25 2:11 AM
coconuts table,PANDAN-343,10390,Story,Done,PANDAN,pandan,software,Charles Gray,62fe1e221e82e839c2506864,,Medium,Done,Charles Gray,62fe1e221e82e839c2506864,Charles Gray,62fe1e221e82e839c2506864,Charles Gray,62fe1e221e82e839c2506864,15/Feb/25 5:59 AM,23/Feb/25 6:06 PM,,22/Feb/25 6:55 AM,22/Feb/25 12:00 AM,0,create,,,,Charles Gray,62fe1e221e82e839c2506864,,,,,,,,,,,,,,,,,,,,,,,,,0.0,,,,,,,,,,,,,0.0,"{pullrequest={dataType=pullrequest, state=MERGED, stateCount=1}, json={""cachedValue"":{""errors"":[],""summary"":{""pullrequest"":{""overall"":{""count"":1,""lastUpdated"":""2025-02-22T06:50:25.000+0100"",""stateCount"":1,""state"":""MERGED"",""dataType"":""pullrequest"",""open"":false},""byInstanceType"":{""GitHub"":{""count"":1,""name"":""GitHub""}}}}},""isStale"":true}}",,,,"com.atlassian.jira.goal.Goal@91609d4[ari=ari:cloud:townsquare:e8235737-feb9-4d60-9416-59a10a1a04b0:goal/cb5a2d0b-5b21-4f58-b556-92d180001258,id=<null>,isArchived=false,key=SOFTL-3,lastUpdated=<null>,name=button,ownerAccountId=62fe1e221e82e839c2506864,score=70.0,status=ON_TRACK,targetDate=2030-12-31,targetDateConfidence=QUARTER]",,,0.0,,,,,0|i00248:zzzx36,,,,20/Feb/25 12:00 AM,,,,,,,,0.0,,,,,2.0,,,10022_*:*_1_*:*_0_*|*_10021_*:*_1_*:*_418635898,,,10385,arXiv preprint,Done,22/Feb/25 6:55 AM
button graphics package,PANDAN-342,10389,Epic,To Do,PANDAN,pandan,software,Charles Gray,62fe1e221e82e839c2506864,,Medium,,Charles Gray,62fe1e221e82e839c2506864,Charles Gray,62fe1e221e82e839c2506864,Charles Gray,62fe1e221e82e839c2506864,15/Feb/25 5:26 AM,15/Feb/25 6:17 AM,,,,0,create,,,,Charles Gray,62fe1e221e82e839c2506864,,,,,,,,,,,,,PANDAN-340,PANDAN-338,PANDAN-339,PANDAN-306,,,,,,,,,0.0,0.0,0.0,0.0,0.0,,,,,1.0,0.0,0.0,1.0,0.0,{},ghx-label-5,,,"com.atlassian.jira.goal.Goal@91609d4[ari=ari:cloud:townsquare:e8235737-feb9-4d60-9416-59a10a1a04b0:goal/cb5a2d0b-5b21-4f58-b556-92d180001258,id=<null>,isArchived=false,key=SOFTL-3,lastUpdated=<null>,name=button,ownerAccountId=62fe1e221e82e839c2506864,score=70.0,status=ON_TRACK,targetDate=2030-12-31,targetDateConfidence=QUARTER]",,dark_teal,4.0,,,,,0|i000cb:3zzx0uf,,,L,,0.0,0.0,0.0,0.0,,,,0.0,,,,,1.0,,,,,,,,To Do,15/Feb/25 5:26 AM
smash it out with html,PANDAN-341,10388,Story,In Progress,PANDAN,pandan,software,Charles Gray,62fe1e221e82e839c2506864,,Highest,,Charles Gray,62fe1e221e82e839c2506864,Charles Gray,62fe1e221e82e839c2506864,Charles Gray,62fe1e221e82e839c2506864,15/Feb/25 5:25 AM,20/Feb/25 2:13 AM,03/Mar/25 2:42 PM,,,0,create,,,,Charles Gray,62fe1e221e82e839c2506864,,,,,,,,,,,,,,,,,,PANDAN-360,PANDAN-361,,,,,,0.0,,,,,,,,,,,,,0.0,{},,,,"com.atlassian.jira.goal.Goal@91609d4[ari=ari:cloud:townsquare:e8235737-feb9-4d60-9416-59a10a1a04b0:goal/cb5a2d0b-5b21-4f58-b556-92d180001258,id=<null>,isArchived=false,key=SOFTL-3,lastUpdated=<null>,name=button,ownerAccountId=62fe1e221e82e839c2506864,score=70.0,status=ON_TRACK,targetDate=2030-12-31,targetDateConfidence=QUARTER]",,,2.0,,,,,0|i00248:zzzx39,,,,20/Feb/25 12:00 AM,,,,,,,,1.0,,,,,2.0,,,,,,10385,arXiv preprint,In Progress,20/Feb/25 2:13 AM
placeholder for downstream button work,PANDAN-340,10387,Epic,To Do,PANDAN,pandan,software,Charles Gray,62fe1e221e82e839c2506864,,High,,Charles Gray,62fe1e221e82e839c2506864,Charles Gray,62fe1e221e82e839c2506864,Charles Gray,62fe1e221e82e839c2506864,15/Feb/25 5:18 AM,16/Feb/25 5:44 PM,,,,0,create,fermata,,,Charles Gray,62fe1e221e82e839c2506864,,,,,,,,,PANDAN-306,PANDAN-338,PANDAN-339,PANDAN-342,,,,,,,,,,,,,0.0,,,,,,,,,,,,,0.0,{},ghx-label-5,,,"com.atlassian.jira.goal.Goal@91609d4[ari=ari:cloud:townsquare:e8235737-feb9-4d60-9416-59a10a1a04b0:goal/cb5a2d0b-5b21-4f58-b556-92d180001258,id=<null>,isArchived=false,key=SOFTL-3,lastUpdated=<null>,name=button,ownerAccountId=62fe1e221e82e839c2506864,score=70.0,status=ON_TRACK,targetDate=2030-12-31,targetDateConfidence=QUARTER]",,dark_teal,4.0,,,,,0|i000cb:3zzx0uh,,,,,,,,,,,,0.0,,15/Mar/25 12:00 AM,,,2.0,,,,,,,,To Do,15/Feb/25 5:18 AM
DBT Meetup Copenhagen slidedeck,PANDAN-339,10386,Epic,To Do,PANDAN,pandan,software,Charles Gray,62fe1e221e82e839c2506864,,Highest,,Charles Gray,62fe1e221e82e839c2506864,Charles Gray,62fe1e221e82e839c2506864,Charles Gray,62fe1e221e82e839c2506864,15/Feb/25 5:15 AM,15/Feb/25 6:16 AM,,,15/Mar/25 12:00 AM,0,create,,,,Charles Gray,62fe1e221e82e839c2506864,,,,,,,,,,,,,PANDAN-340,,,,PANDAN-342,,,,,,,,0.0,0.0,0.0,0.0,0.0,,,,,1.0,0.0,0.0,1.0,0.0,{},ghx-label-5,,,"com.atlassian.jira.goal.Goal@91609d4[ari=ari:cloud:townsquare:e8235737-feb9-4d60-9416-59a10a1a04b0:goal/cb5a2d0b-5b21-4f58-b556-92d180001258,id=<null>,isArchived=false,key=SOFTL-3,lastUpdated=<null>,name=button,ownerAccountId=62fe1e221e82e839c2506864,score=70.0,status=ON_TRACK,targetDate=2030-12-31,targetDateConfidence=QUARTER]",,dark_teal,2.0,,,,,0|i000cb:3zzx0m,,,M,,0.0,0.0,0.0,0.0,,,,0.0,,,,,2.0,,,,,,,,To Do,15/Feb/25 5:15 AM
arXiv preprint,PANDAN-338,10385,Epic,In Progress,PANDAN,pandan,software,Charles Gray,62fe1e221e82e839c2506864,,High,,Charles Gray,62fe1e221e82e839c2506864,Charles Gray,62fe1e221e82e839c2506864,Charles Gray,62fe1e221e82e839c2506864,15/Feb/25 5:12 AM,22/Feb/25 8:45 AM,,,,0,create,,,,Charles Gray,62fe1e221e82e839c2506864,,,,,,,,,,,,,PANDAN-340,,,,PANDAN-342,,,,,,,,0.0,0.0,0.0,0.0,0.0,,,,,4.0,1.0,1.0,2.0,2.0,"{pullrequest={dataType=pullrequest, state=MERGED, stateCount=1}, json={""cachedValue"":{""errors"":[],""summary"":{""pullrequest"":{""overall"":{""count"":1,""lastUpdated"":""2025-02-22T08:45:19.000+0100"",""stateCount"":1,""state"":""MERGED"",""dataType"":""pullrequest"",""open"":false},""byInstanceType"":{""GitHub"":{""count"":1,""name"":""GitHub""}}}}},""isStale"":true}}",ghx-label-5,,,"com.atlassian.jira.goal.Goal@91609d4[ari=ari:cloud:townsquare:e8235737-feb9-4d60-9416-59a10a1a04b0:goal/cb5a2d0b-5b21-4f58-b556-92d180001258,id=<null>,isArchived=false,key=SOFTL-3,lastUpdated=<null>,name=button,ownerAccountId=62fe1e221e82e839c2506864,score=70.0,status=ON_TRACK,targetDate=2030-12-31,targetDateConfidence=QUARTER]",,dark_teal,2.0,,,,,0|i000cb:3zzx0g,,,,15/Feb/25 12:00 AM,4.0,1.0,1.0,2.0,,,,0.0,,,,,2.0,,,,16/Feb/25 10:15 PM;62fe1e221e82e839c2506864;manuscript has existing vis dropped in.,22/Feb/25 8:45 AM;62fe1e221e82e839c2506864;manuscript has existing vis dropped in.,,,In Progress,15/Feb/25 5:13 AM
"map math to inputoutput solution, how do they relate?",PANDAN-328,10375,Task,Done,PANDAN,pandan,software,Charles Gray,62fe1e221e82e839c2506864,,Medium,Done,Charles Gray,62fe1e221e82e839c2506864,Charles Gray,62fe1e221e82e839c2506864,Charles Gray,62fe1e221e82e839c2506864,14/Feb/25 11:32 AM,16/Feb/25 6:30 AM,,16/Feb/25 6:30 AM,16/Feb/25 12:00 AM,0,create,,,,Charles Gray,62fe1e221e82e839c2506864,,,,,,,,,PANDAN-311,PANDAN-322,,,,,,,,,,,,,,,0.0,,,,,,,,,,,,,0.0,{},,,,"com.atlassian.jira.goal.Goal@91609d4[ari=ari:cloud:townsquare:e8235737-feb9-4d60-9416-59a10a1a04b0:goal/cb5a2d0b-5b21-4f58-b556-92d180001258,id=<null>,isArchived=false,key=SOFTL-3,lastUpdated=<null>,name=button,ownerAccountId=62fe1e221e82e839c2506864,score=70.0,status=ON_TRACK,targetDate=2030-12-31,targetDateConfidence=QUARTER]",,,2.0,,,,,0|i002d3:,,,L,16/Feb/25 12:00 AM,,,,,,,,0.0,,,,,2.0,,,10021_*:*_1_*:*_154701788_*|*_10023_*:*_1_*:*_0,,,10353,button game,Done,16/Feb/25 6:30 AM
what are the edges,PANDAN-327,10372,Subtask,Done,PANDAN,pandan,software,Charles Gray,62fe1e221e82e839c2506864,,Medium,Done,Charles Gray,62fe1e221e82e839c2506864,Charles Gray,62fe1e221e82e839c2506864,Charles Gray,62fe1e221e82e839c2506864,14/Feb/25 10:17 AM,14/Feb/25 5:07 PM,,14/Feb/25 5:07 PM,14/Feb/25 12:00 AM,0,create,,,,Charles Gray,62fe1e221e82e839c2506864,,,,,,,,,,,,,,,,,,,,,,,,,0.0,,,,,,,,,,,,,0.0,{},,,,"com.atlassian.jira.goal.Goal@91609d4[ari=ari:cloud:townsquare:e8235737-feb9-4d60-9416-59a10a1a04b0:goal/cb5a2d0b-5b21-4f58-b556-92d180001258,id=<null>,isArchived=false,key=SOFTL-3,lastUpdated=<null>,name=button,ownerAccountId=62fe1e221e82e839c2506864,score=70.0,status=ON_TRACK,targetDate=2030-12-31,targetDateConfidence=QUARTER]",,,0.0,,,,,0|i002a8:o,,,,14/Feb/25 12:00 AM,,,,,,,,0.0,,,,,2.0,,,10022_*:*_1_*:*_0_*|*_10021_*:*_1_*:*_24573573,,,10358,describe finite state automata,Done,14/Feb/25 5:07 PM
what are the nodes,PANDAN-326,10374,Subtask,Done,PANDAN,pandan,software,Charles Gray,62fe1e221e82e839c2506864,,Medium,Done,Charles Gray,62fe1e221e82e839c2506864,Charles Gray,62fe1e221e82e839c2506864,Charles Gray,62fe1e221e82e839c2506864,14/Feb/25 10:17 AM,14/Feb/25 5:06 PM,,14/Feb/25 5:06 PM,14/Feb/25 12:00 AM,0,create,,,,Charles Gray,62fe1e221e82e839c2506864,,,,,,,,,,,,,,,,,,,,,,,,,0.0,,,,,,,,,,,,,0.0,{},,,,"com.atlassian.jira.goal.Goal@91609d4[ari=ari:cloud:townsquare:e8235737-feb9-4d60-9416-59a10a1a04b0:goal/cb5a2d0b-5b21-4f58-b556-92d180001258,id=<null>,isArchived=false,key=SOFTL-3,lastUpdated=<null>,name=button,ownerAccountId=62fe1e221e82e839c2506864,score=70.0,status=ON_TRACK,targetDate=2030-12-31,targetDateConfidence=QUARTER]",,,0.0,,,,,0|i002a8:9,,,,14/Feb/25 12:00 AM,,,,,,,,0.0,,,,,2.0,,,10022_*:*_1_*:*_0_*|*_10021_*:*_1_*:*_106704,,,10358,describe finite state automata,Done,14/Feb/25 5:06 PM
what are the domains of the nodes and edges?,PANDAN-325,10373,Subtask,Done,PANDAN,pandan,software,Charles Gray,62fe1e221e82e839c2506864,,Medium,Done,Charles Gray,62fe1e221e82e839c2506864,Charles Gray,62fe1e221e82e839c2506864,Charles Gray,62fe1e221e82e839c2506864,14/Feb/25 10:17 AM,14/Feb/25 5:07 PM,,14/Feb/25 5:07 PM,14/Feb/25 12:00 AM,0,create,,,,Charles Gray,62fe1e221e82e839c2506864,,,,,,,,,,,,,,,,,,,,,,,,,0.0,,,,,,,,,,,,,0.0,{},,,,"com.atlassian.jira.goal.Goal@91609d4[ari=ari:cloud:townsquare:e8235737-feb9-4d60-9416-59a10a1a04b0:goal/cb5a2d0b-5b21-4f58-b556-92d180001258,id=<null>,isArchived=false,key=SOFTL-3,lastUpdated=<null>,name=button,ownerAccountId=62fe1e221e82e839c2506864,score=70.0,status=ON_TRACK,targetDate=2030-12-31,targetDateConfidence=QUARTER]",,,0.0,,,,,0|i002a8:v,,,,14/Feb/25 12:00 AM,,,,,,,,0.0,,,,,2.0,,,10022_*:*_1_*:*_0_*|*_10021_*:*_1_*:*_24639106,,,10358,describe finite state automata,Done,14/Feb/25 5:07 PM
living analysis development progress plot,PANDAN-324,10371,Story,To Do,PANDAN,pandan,software,Charles Gray,62fe1e221e82e839c2506864,,Medium,,Charles Gray,62fe1e221e82e839c2506864,Charles Gray,62fe1e221e82e839c2506864,Charles Gray,62fe1e221e82e839c2506864,14/Feb/25 10:14 AM,22/Feb/25 8:42 AM,,,,0,create,,,,Charles Gray,62fe1e221e82e839c2506864,,,,,,,,,,,,,,,,,,,,,,,,,0.0,,,,,,,,,,,,,2.0,"{repository={count=2, dataType=repository}, json={""cachedValue"":{""errors"":[],""summary"":{""repository"":{""overall"":{""count"":2,""lastUpdated"":""2025-02-22T08:42:01.000+0100"",""dataType"":""repository""},""byInstanceType"":{""GitHub"":{""count"":2,""name"":""GitHub""}}}}},""isStale"":true}}",,,,"com.atlassian.jira.goal.Goal@91609d4[ari=ari:cloud:townsquare:e8235737-feb9-4d60-9416-59a10a1a04b0:goal/cb5a2d0b-5b21-4f58-b556-92d180001258,id=<null>,isArchived=false,key=SOFTL-3,lastUpdated=<null>,name=button,ownerAccountId=62fe1e221e82e839c2506864,score=70.0,status=ON_TRACK,targetDate=2030-12-31,targetDateConfidence=QUARTER]",,,0.0,,,,,0|i000cb:3zzx0u,,,,,,,,,,,,0.0,,,,,2.0,,,,15/Feb/25 6:42 PM;62fe1e221e82e839c2506864;refactored to classes,22/Feb/25 8:42 AM;62fe1e221e82e839c2506864;refactored to classes,10353,button game,To Do,14/Feb/25 10:14 AM
define version 0 of game,PANDAN-323,10370,Task,Done,PANDAN,pandan,software,Charles Gray,62fe1e221e82e839c2506864,,Medium,Done,Charles Gray,62fe1e221e82e839c2506864,Charles Gray,62fe1e221e82e839c2506864,Charles Gray,62fe1e221e82e839c2506864,14/Feb/25 10:14 AM,20/Feb/25 2:16 AM,,20/Feb/25 2:16 AM,20/Feb/25 12:00 AM,0,create,,,,Charles Gray,62fe1e221e82e839c2506864,,,,,,,,,,,,,,,,,,,,,,,,,0.0,,,,,,,,,,,,,0.0,{},,,,"com.atlassian.jira.goal.Goal@91609d4[ari=ari:cloud:townsquare:e8235737-feb9-4d60-9416-59a10a1a04b0:goal/cb5a2d0b-5b21-4f58-b556-92d180001258,id=<null>,isArchived=false,key=SOFTL-3,lastUpdated=<null>,name=button,ownerAccountId=62fe1e221e82e839c2506864,score=70.0,status=ON_TRACK,targetDate=2030-12-31,targetDateConfidence=QUARTER]",,,0.0,,,,,0|i00248:zzzx,,,,20/Feb/25 12:00 AM,,,,,,,,0.0,,,,,2.0,,,10021_*:*_1_*:*_489681174_*|*_10023_*:*_1_*:*_0,,,10353,button game,Done,20/Feb/25 2:16 AM
input output solution,PANDAN-322,10369,Story,Done,PANDAN,pandan,software,Charles Gray,62fe1e221e82e839c2506864,,Medium,Done,Charles Gray,62fe1e221e82e839c2506864,Charles Gray,62fe1e221e82e839c2506864,Charles Gray,62fe1e221e82e839c2506864,14/Feb/25 10:10 AM,16/Feb/25 6:31 AM,,16/Feb/25 6:30 AM,16/Feb/25 12:00 AM,0,create,,,,Charles Gray,62fe1e221e82e839c2506864,,,,,,,,,,,,,PANDAN-328,,,,,,,,,,,,0.0,,,,,,,,,,,,,0.0,"{repository={count=2, dataType=repository}, json={""cachedValue"":{""errors"":[],""summary"":{""repository"":{""overall"":{""count"":2,""lastUpdated"":""2025-02-22T08:42:01.000+0100"",""dataType"":""repository""},""byInstanceType"":{""GitHub"":{""count"":2,""name"":""GitHub""}}}}},""isStale"":true}}",,,,"com.atlassian.jira.goal.Goal@91609d4[ari=ari:cloud:townsquare:e8235737-feb9-4d60-9416-59a10a1a04b0:goal/cb5a2d0b-5b21-4f58-b556-92d180001258,id=<null>,isArchived=false,key=SOFTL-3,lastUpdated=<null>,name=button,ownerAccountId=62fe1e221e82e839c2506864,score=70.0,status=ON_TRACK,targetDate=2030-12-31,targetDateConfidence=QUARTER]",,,1.0,,,,,0|i00248:zzzv,,,,14/Feb/25 12:00 AM,,,,,,,,1.0,,,,,2.0,,,10022_*:*_1_*:*_0_*|*_10021_*:*_1_*:*_469787,,,10353,button game,Done,16/Feb/25 6:30 AM
describe finite state automata,PANDAN-311,10358,Story,In Progress,PANDAN,pandan,software,Charles Gray,62fe1e221e82e839c2506864,,Medium,,Charles Gray,62fe1e221e82e839c2506864,Charles Gray,62fe1e221e82e839c2506864,Charles Gray,62fe1e221e82e839c2506864,14/Feb/25 7:26 AM,14/Feb/25 11:32 AM,,,,0,create,,"PROBLEM

Code is far more efficient if I solve the mathematical graph structure first.

SOLUTION

Fully define the finite state automata of the game nodes. Do not get sidetracked by computational definition of graph.

Start with most minimal example that utilises logic and extend from there. 

ACCEPTANCE CRITERIA

AC 1. Define nodes & edges such that each state of a playthrough is defined. ",,Charles Gray,62fe1e221e82e839c2506864,,,,,,,,,,,,,PANDAN-328,,,,,,,,,,,,0.0,,,,,,,,,,,,,0.0,{},,,,"com.atlassian.jira.goal.Goal@91609d4[ari=ari:cloud:townsquare:e8235737-feb9-4d60-9416-59a10a1a04b0:goal/cb5a2d0b-5b21-4f58-b556-92d180001258,id=<null>,isArchived=false,key=SOFTL-3,lastUpdated=<null>,name=button,ownerAccountId=62fe1e221e82e839c2506864,score=70.0,status=ON_TRACK,targetDate=2030-12-31,targetDateConfidence=QUARTER]",,,1.0,,,,,0|i00248:zzzr,,,,14/Feb/25 12:00 AM,,,,,,,,4.0,,,,,2.0,,,,,,10353,button game,In Progress,14/Feb/25 7:31 AM
create stories for different aspects of button,PANDAN-307,10354,Task,Done,PANDAN,pandan,software,Charles Gray,62fe1e221e82e839c2506864,,Medium,Done,Charles Gray,62fe1e221e82e839c2506864,Charles Gray,62fe1e221e82e839c2506864,Charles Gray,62fe1e221e82e839c2506864,14/Feb/25 6:21 AM,14/Feb/25 10:17 AM,,14/Feb/25 10:17 AM,14/Feb/25 12:00 AM,0,create,,,,Charles Gray,62fe1e221e82e839c2506864,,,,,,,,,,,,,,,,,,,,,,,,,0.0,,,,,,,,,,,,,0.0,{},,,,"com.atlassian.jira.goal.Goal@91609d4[ari=ari:cloud:townsquare:e8235737-feb9-4d60-9416-59a10a1a04b0:goal/cb5a2d0b-5b21-4f58-b556-92d180001258,id=<null>,isArchived=false,key=SOFTL-3,lastUpdated=<null>,name=button,ownerAccountId=62fe1e221e82e839c2506864,score=70.0,status=ON_TRACK,targetDate=2030-12-31,targetDateConfidence=QUARTER]",,,0.0,,,,,0|i00248:zzzi,,,,14/Feb/25 12:00 AM,,,,,,,,0.0,,,,,2.0,,,10022_*:*_1_*:*_0_*|*_10021_*:*_1_*:*_5184049,,,10353,button game,Done,14/Feb/25 10:17 AM
button game,PANDAN-306,10353,Epic,In Progress,PANDAN,pandan,software,Charles Gray,62fe1e221e82e839c2506864,,Medium,,Charles Gray,62fe1e221e82e839c2506864,Charles Gray,62fe1e221e82e839c2506864,Charles Gray,62fe1e221e82e839c2506864,14/Feb/25 6:18 AM,20/Feb/25 2:16 AM,,,,0,create,,"AC 1. MVP 

Stretch Goals

SG 1. Shiny embedding

SG 2. Integrated with pandan-342 graphics 

SG 3. Hyperparameters",,Charles Gray,62fe1e221e82e839c2506864,,,,,,,,,,,,,PANDAN-340,,,,PANDAN-342,,,,,,,,0.0,0.0,0.0,0.0,0.0,,,,,9.0,6.0,2.0,1.0,0.0,"{pullrequest={dataType=pullrequest, state=MERGED, stateCount=1}, json={""cachedValue"":{""errors"":[],""summary"":{""pullrequest"":{""overall"":{""count"":1,""lastUpdated"":""2025-02-22T08:42:01.000+0100"",""stateCount"":1,""state"":""MERGED"",""dataType"":""pullrequest"",""open"":false},""byInstanceType"":{""GitHub"":{""count"":1,""name"":""GitHub""}}}}},""isStale"":true}}",ghx-label-5,,,"com.atlassian.jira.goal.Goal@91609d4[ari=ari:cloud:townsquare:e8235737-feb9-4d60-9416-59a10a1a04b0:goal/cb5a2d0b-5b21-4f58-b556-92d180001258,id=<null>,isArchived=false,key=SOFTL-3,lastUpdated=<null>,name=button,ownerAccountId=62fe1e221e82e839c2506864,score=70.0,status=ON_TRACK,targetDate=2030-12-31,targetDateConfidence=QUARTER]",,dark_teal,2.0,,,,,0|i000cb:3zzx0s,,,,14/Feb/25 12:00 AM,5.0,2.0,2.0,1.0,,,,0.0,,,,,2.0,,,,,,,,In Progress,14/Feb/25 7:25 AM
